fork,upstream,vuln_id,head_swh,fix_urls,manual evaluation,Owner notification,Unnamed: 7,Unnamed: 8,Unnamed: 9,Unnamed: 10
https://github.com/MotorolaMobilityLLC/kernel-msm,https://git.kernel.org/pub/scm/linux/kernel/git/torvalds/linux.git,CVE-2022-0516,https://archive.softwareheritage.org/browse/revision/fb25b3dba2bc6319c82baa58ca2942e6cd87c81f,https://archive.softwareheritage.org/browse/revision/09a93c1df3eafa43bcdfd7bf837c574911f12f55/,NEGATIVE,,,,,
https://github.com/gitpod-io/openvscode-server,https://github.com/microsoft/vscode,CVE-2021-34529,https://archive.softwareheritage.org/browse/revision/2b91a8bee337670f762e8d73ca1f052b9c844998,https://archive.softwareheritage.org/browse/revision/507ce72a4466fbb27b715c3722558bb15afa9f48/,NEGATIVE,,,,Status :,
https://github.com/MotorolaMobilityLLC/kernel-msm,https://git.kernel.org/pub/scm/linux/kernel/git/torvalds/linux.git,CVE-2021-45485,https://archive.softwareheritage.org/browse/revision/fb25b3dba2bc6319c82baa58ca2942e6cd87c81f,https://archive.softwareheritage.org/browse/revision/62f20e068ccc50d6ab66fdb72ba90da2b9418c99/,NEGATIVE,,,,NEGATIVE,60
https://github.com/MotorolaMobilityLLC/kernel-msm,https://git.kernel.org/pub/scm/linux/kernel/git/torvalds/linux.git,CVE-2021-3501,https://archive.softwareheritage.org/browse/revision/fb25b3dba2bc6319c82baa58ca2942e6cd87c81f,https://archive.softwareheritage.org/browse/revision/04c4f2ee3f68c9a4bf1653d15f1a9a435ae33f7a/,NEGATIVE,,,,POSITIVE,135
https://github.com/Snapchat/KeyDB,https://github.com/redis/redis,CVE-2022-33105,https://archive.softwareheritage.org/browse/revision/603ebb27fb82a27fb98b0feb6749b0f7661a1c4b,https://archive.softwareheritage.org/browse/revision/4a7a4e42db8ff757cdf3f4a824f66426036034ef/,NEGATIVE,,,,,
https://github.com/apache/nuttx,https://github.com/apache/incubator-nuttx,CVE-2021-26461,https://archive.softwareheritage.org/browse/revision/6ad202ee4c0783d2f3d221ecd9024dc3dd3a7fcf,https://archive.softwareheritage.org/browse/revision/3130ff691e386934eb276587a24d1efacf3bb30b/,NEGATIVE,,,,SUM,195
https://github.com/ddnet/ddnet,https://github.com/teeworlds/teeworlds,CVE-2016-9400,https://archive.softwareheritage.org/browse/revision/5705099446da32e686ab022c82a969e9277e7c9e,https://archive.softwareheritage.org/browse/revision/ff254722a2683867fcb3e67569ffd36226c4bc62/,NEGATIVE,,,,RECALL,"0,6923076923"
https://github.com/ddnet/ddnet,https://github.com/teeworlds/teeworlds,CVE-2018-18541,https://archive.softwareheritage.org/browse/revision/5705099446da32e686ab022c82a969e9277e7c9e,https://archive.softwareheritage.org/browse/revision/344a58cd858669f2b742827024dff7fd25fccccf/,NEGATIVE,,,,,
https://github.com/emercoin/emercoin,https://github.com/bitcoin/bitcoin,CVE-2021-37492,https://archive.softwareheritage.org/browse/revision/cf913f7f7888ab449dda1323f1d65212ac99c37b,https://archive.softwareheritage.org/browse/revision/2fb9c1e6681370478e24a19172ed6d78d95d50d3/,NEGATIVE,,,,,
https://github.com/espressif/qemu,https://github.com/qemu/qemu,CVE-2019-13164,https://archive.softwareheritage.org/browse/revision/85ff1897fe79df7c86d50eacdf4464ffeff0cdbc,https://archive.softwareheritage.org/browse/revision/03d7712b4bcd47bfe0fe14ba2fffa87e111fa086/,NEGATIVE,,,,,
https://github.com/felipec/git,https://github.com/git-for-windows/git,CVE-2023-23618,https://archive.softwareheritage.org/browse/revision/4836ae6d09536ec0d49ffb72e5f13d7fcff720f2,https://archive.softwareheritage.org/browse/revision/49a8ec9dac3cec6602f05fed1b3f80a549c8c05c/,NEGATIVE,,,,,
https://github.com/git/git,https://github.com/git-for-windows/git,CVE-2023-23618,https://archive.softwareheritage.org/browse/revision/96271577cdc0ff563c1c33b6d7df70ef6950f8dd,https://archive.softwareheritage.org/browse/revision/49a8ec9dac3cec6602f05fed1b3f80a549c8c05c/,NEGATIVE,,,,,
https://github.com/gitpod-io/openvscode-server,https://github.com/microsoft/vscode,CVE-2023-24893,https://archive.softwareheritage.org/browse/revision/79bd0bbaf9719ccb46afe97facc84f5ec1e33ae3,https://archive.softwareheritage.org/browse/revision/7f329fe6c66b0f86ae1574c2911b681ad5a45d63/,NEGATIVE,,,For Affected,,
https://github.com/gitster/git,https://github.com/git-for-windows/git,CVE-2023-23618,https://archive.softwareheritage.org/browse/revision/514c09109d03fb49eee2a86e870c78d10e2dd22d,https://archive.softwareheritage.org/browse/revision/49a8ec9dac3cec6602f05fed1b3f80a549c8c05c/,NEGATIVE,,,,,
https://github.com/hardkernel/linux,https://git.kernel.org/pub/scm/linux/kernel/git/torvalds/linux.git,CVE-2021-45485,https://archive.softwareheritage.org/browse/revision/b217bb34730992669ae554c6f8b13ff8d159a795,https://archive.softwareheritage.org/browse/revision/62f20e068ccc50d6ab66fdb72ba90da2b9418c99/,NEGATIVE,,,vuln,8,
https://github.com/hardkernel/linux,https://github.com/torvalds/linux,CVE-2019-19052,https://archive.softwareheritage.org/browse/revision/b217bb34730992669ae554c6f8b13ff8d159a795,https://archive.softwareheritage.org/browse/revision/fb5be6a7b4863ecc44963bb80ca614584b6c7817/,NEGATIVE,,,fork,6,
https://github.com/jenkinsci/http-request-plugin,https://github.com/jenkinsci/compuware-ispw-operations-plugin,CVE-2022-36899,https://archive.softwareheritage.org/browse/revision/c99531344cfcc9f9c5f0173cc2c52ba3f07b865c,https://archive.softwareheritage.org/browse/revision/d3bb590bae5639e70f364c8d2b65504536f28f6e/,NEGATIVE,,,,,
https://github.com/spree/spree_auth_devise,https://github.com/solidusio/solidus_auth_devise,CVE-2021-41274,https://archive.softwareheritage.org/browse/revision/3f07f9ebad3c4e1a30df50aebd25927f38cf27b2,https://archive.softwareheritage.org/browse/revision/731a6645e90ea9fd228f78ec53c6976c048a0555/,NEGATIVE,,,,,
https://github.com/adafruit/circuitpython,https://github.com/jimmo/micropython,PYSEC-2023-258,https://archive.softwareheritage.org/browse/revision/faa4f12216bf1482a52c0f8a8a15fef63c94da2f,https://archive.softwareheritage.org/browse/revision/8b24aa36ba978eafc6114b6798b47b7bfecdca26/,NEGATIVE,,,,,
https://github.com/adafruit/circuitpython,https://github.com/jimmo/micropython,PYSEC-2023-259,https://archive.softwareheritage.org/browse/revision/faa4f12216bf1482a52c0f8a8a15fef63c94da2f,https://archive.softwareheritage.org/browse/revision/8b24aa36ba978eafc6114b6798b47b7bfecdca26/,NEGATIVE,,,,,
https://github.com/adafruit/circuitpython,https://github.com/jimmo/micropython,PYSEC-2023-257,https://archive.softwareheritage.org/browse/revision/f75340f88fcff6ad69faba870beeb67135f51765,https://archive.softwareheritage.org/browse/revision/8b24aa36ba978eafc6114b6798b47b7bfecdca26/,NEGATIVE,,,,,
https://github.com/beckus/qemu_stm32,https://github.com/qemu/qemu,CVE-2019-13164,https://archive.softwareheritage.org/browse/revision/5ae4df8a7267149f6ff5a9f8fa4f6b8adbc28fbc,https://archive.softwareheritage.org/browse/revision/03d7712b4bcd47bfe0fe14ba2fffa87e111fa086/,POSITIVE,AFFECTED,,,,
https://github.com/felipec/git,https://github.com/git/git,CVE-2024-32002,https://archive.softwareheritage.org/browse/revision/4836ae6d09536ec0d49ffb72e5f13d7fcff720f2,https://archive.softwareheritage.org/browse/revision/97065761333fd62db1912d81b489db938d8c991d/,POSITIVE,AFFECTED,,,,
https://github.com/felipec/git,https://github.com/git/git,CVE-2023-29007,https://archive.softwareheritage.org/browse/revision/facb38b6dfc68a08750808834f83466b34529a4f,https://archive.softwareheritage.org/browse/revision/528290f8c61222433a8cf02fb7cfffa8438432b4/,POSITIVE,AFFECTED,,,,
https://github.com/google/ghost-kernel,https://git.kernel.org/pub/scm/linux/kernel/git/torvalds/linux.git,CVE-2022-0516,https://archive.softwareheritage.org/browse/revision/edd5f9490d82df24c16f90a62f7be05c6c389867,https://archive.softwareheritage.org/browse/revision/09a93c1df3eafa43bcdfd7bf837c574911f12f55/,POSITIVE,,,,,
https://github.com/google/ghost-kernel,https://git.kernel.org/pub/scm/linux/kernel/git/torvalds/linux.git,CVE-2021-45485,https://archive.softwareheritage.org/browse/revision/edd5f9490d82df24c16f90a62f7be05c6c389867,https://archive.softwareheritage.org/browse/revision/62f20e068ccc50d6ab66fdb72ba90da2b9418c99/,POSITIVE,,,,,
https://github.com/google/ghost-kernel,https://git.kernel.org/pub/scm/linux/kernel/git/torvalds/linux.git,CVE-2021-3501,https://archive.softwareheritage.org/browse/revision/edd5f9490d82df24c16f90a62f7be05c6c389867,https://archive.softwareheritage.org/browse/revision/04c4f2ee3f68c9a4bf1653d15f1a9a435ae33f7a/,POSITIVE,,,,,
https://github.com/reMarkable/linux,https://git.kernel.org/pub/scm/linux/kernel/git/torvalds/linux.git,CVE-2021-45485,https://archive.softwareheritage.org/browse/revision/20b9954fd6345ecd241c135d87081b4e10b4febc,https://archive.softwareheritage.org/browse/revision/62f20e068ccc50d6ab66fdb72ba90da2b9418c99/,POSITIVE,,,,,
https://github.com/reMarkable/linux,https://git.kernel.org/pub/scm/linux/kernel/git/torvalds/linux.git,CVE-2021-3501,https://archive.softwareheritage.org/browse/revision/20b9954fd6345ecd241c135d87081b4e10b4febc,https://archive.softwareheritage.org/browse/revision/04c4f2ee3f68c9a4bf1653d15f1a9a435ae33f7a/,POSITIVE,,,,,
https://github.com/rhysd/vim.wasm,https://github.com/vim/vim,CVE-2022-0443,https://archive.softwareheritage.org/browse/revision/dae0bf886882756687ead21dd4df2c230afcd8f4,https://archive.softwareheritage.org/browse/revision/9b4a80a66544f2782040b641498754bcb5b8d461/,POSITIVE,,,,,
https://github.com/rhysd/vim.wasm,https://github.com/vim/vim,CVE-2022-3705,https://archive.softwareheritage.org/browse/revision/310836b3824a401d18725f786bc7f3ff6ab678e8,https://archive.softwareheritage.org/browse/revision/d0fab10ed2a86698937e3c3fed2f10bd9bb5e731/,POSITIVE,,,,,
https://github.com/rhysd/vim.wasm,https://github.com/vim/vim,CVE-2021-3796,https://archive.softwareheritage.org/browse/revision/dae0bf886882756687ead21dd4df2c230afcd8f4,https://archive.softwareheritage.org/browse/revision/35a9a00afcb20897d462a766793ff45534810dc3/,POSITIVE,,,,,
https://github.com/rockchip-linux/kernel,https://git.kernel.org/pub/scm/linux/kernel/git/torvalds/linux.git,CVE-2021-45485,https://archive.softwareheritage.org/browse/revision/098442d79d1afe9a7d19db5e71a04f0c007755de,https://archive.softwareheritage.org/browse/revision/62f20e068ccc50d6ab66fdb72ba90da2b9418c99/,POSITIVE,,,,,
https://github.com/rockchip-linux/kernel,https://github.com/torvalds/linux,CVE-2019-19052,https://archive.softwareheritage.org/browse/revision/098442d79d1afe9a7d19db5e71a04f0c007755de,https://archive.softwareheritage.org/browse/revision/fb5be6a7b4863ecc44963bb80ca614584b6c7817/,POSITIVE,,,,,
https://github.com/sonyxperiadev/kernel,https://git.kernel.org/pub/scm/linux/kernel/git/torvalds/linux.git,CVE-2021-45485,https://archive.softwareheritage.org/browse/revision/9ac561909bae9136f07ed94ffcad068fc24603ad,https://archive.softwareheritage.org/browse/revision/62f20e068ccc50d6ab66fdb72ba90da2b9418c99/,POSITIVE,AFFECTED,,,,
https://github.com/sonyxperiadev/kernel,https://git.kernel.org/pub/scm/linux/kernel/git/torvalds/linux.git,CVE-2021-4154,https://archive.softwareheritage.org/browse/revision/9ac561909bae9136f07ed94ffcad068fc24603ad,https://archive.softwareheritage.org/browse/revision/3b0462726e7ef281c35a7a4ae33e93ee2bc9975b/,POSITIVE,AFFECTED,,,,
https://github.com/linux-kernel-labs/linux,https://git.kernel.org/pub/scm/linux/kernel/git/torvalds/linux.git,CVE-2021-45485,https://archive.softwareheritage.org/browse/revision/696df5ea825e7b2468c80920cf3ad729ae8db2cc,https://archive.softwareheritage.org/browse/revision/62f20e068ccc50d6ab66fdb72ba90da2b9418c99/,POSITIVE,EXCLUDED,"Excluded, educational",,,
https://github.com/linux-kernel-labs/linux,https://git.kernel.org/pub/scm/linux/kernel/git/torvalds/linux.git,CVE-2022-0516,https://archive.softwareheritage.org/browse/revision/696df5ea825e7b2468c80920cf3ad729ae8db2cc,https://archive.softwareheritage.org/browse/revision/09a93c1df3eafa43bcdfd7bf837c574911f12f55/,POSITIVE,EXCLUDED,"Excluded, educational",,,
https://github.com/linux-kernel-labs/linux,https://github.com/torvalds/linux,CVE-2021-3656,https://archive.softwareheritage.org/browse/revision/696df5ea825e7b2468c80920cf3ad729ae8db2cc,https://archive.softwareheritage.org/browse/revision/c7dfa4009965a9b2d7b329ee970eb8da0d32f0bc/,POSITIVE,EXCLUDED,"Excluded, educational",,,
https://github.com/shyouhei/ruby,https://github.com/ruby/ruby,CVE-2021-28966,https://archive.softwareheritage.org/browse/revision/f96483ee10c95c2b2dd838454100631fe40f5157,https://archive.softwareheritage.org/browse/revision/6847ee089d7655b2a0eea4fee3133aeacd4cc7cc/,POSITIVE,EXCLUDED,"Excluded, explicitly mention to not use it",,,
https://github.com/yiichina/yii2,https://github.com/yiisoft/yii2,CVE-2020-15148,https://archive.softwareheritage.org/browse/revision/c47e2092333a515aebcf8e119df660fad3549f4d,https://archive.softwareheritage.org/browse/revision/9abccb96d7c5ddb569f92d1a748f50ee9b3e2b99/,POSITIVE,EXCLUDED,"Excluded, documentation repo",,,
https://github.com/yiichina/yii2,https://github.com/yiisoft/yii2,CVE-2021-3689,https://archive.softwareheritage.org/browse/revision/c47e2092333a515aebcf8e119df660fad3549f4d,https://archive.softwareheritage.org/browse/revision/13f27e4d920a05d53236139e8b07007acd046a46/,POSITIVE,EXCLUDED,,,,
https://github.com/ytdl-patched/ytdl-patched,https://github.com/yt-dlp/yt-dlp,CVE-2023-40581,https://archive.softwareheritage.org/browse/revision/249683c3ecacaac38c34e3e6e5e6443bf3c08e83,https://archive.softwareheritage.org/browse/revision/de015e930747165dbb8fcd360f8775fd973b7d6e/,POSITIVE,,,,,
https://github.com/jl777/komodo,https://github.com/bitcoin/bitcoin,CVE-2021-37492,https://archive.softwareheritage.org/browse/revision/a89b6e8795aa6ee6771bf465e7a7e710ce363266,https://archive.softwareheritage.org/browse/revision/2fb9c1e6681370478e24a19172ed6d78d95d50d3/,POSITIVE,,,,,
https://github.com/gcash/bchd,https://github.com/btcsuite/btcd,CVE-2018-17145,https://archive.softwareheritage.org/browse/revision/6e56fb2c422b646ef71917f0a0a0b887b7449635,https://archive.softwareheritage.org/browse/revision/718d268a8cf55af9b329bac9e171009352fbc10a/,POSITIVE,,,,,
https://github.com/Bitcoin-ABC/bitcoin-abc,https://github.com/bitcoin/bitcoin,CVE-2021-37492,https://archive.softwareheritage.org/browse/revision/11abbbdb2aba09311036524e63ad9166c80fb605,https://archive.softwareheritage.org/browse/revision/2fb9c1e6681370478e24a19172ed6d78d95d50d3/,POSITIVE,NOT AFFECTED,,,,
https://github.com/KomodoPlatform/komodo,https://github.com/bitcoin/bitcoin,CVE-2021-37492,https://archive.softwareheritage.org/browse/revision/a89b6e8795aa6ee6771bf465e7a7e710ce363266,https://archive.softwareheritage.org/browse/revision/2fb9c1e6681370478e24a19172ed6d78d95d50d3/,POSITIVE,,,,,
https://github.com/PirateNetwork/pirate,https://github.com/bitcoin/bitcoin,CVE-2021-37492,https://archive.softwareheritage.org/browse/revision/13090b9f282983206a3ffd144790c3bb66ac5303,https://archive.softwareheritage.org/browse/revision/2fb9c1e6681370478e24a19172ed6d78d95d50d3/,POSITIVE,,,,,
https://github.com/alibaba/cloud-kernel,https://git.kernel.org/pub/scm/linux/kernel/git/torvalds/linux.git,CVE-2022-0516,https://archive.softwareheritage.org/browse/revision/d121e0c25d1a19485d7f293b67901462bb1a6552,https://archive.softwareheritage.org/browse/revision/09a93c1df3eafa43bcdfd7bf837c574911f12f55/,POSITIVE,,,,,
https://github.com/alibaba/cloud-kernel,https://git.kernel.org/pub/scm/linux/kernel/git/torvalds/linux.git,CVE-2021-4154,https://archive.softwareheritage.org/browse/revision/d121e0c25d1a19485d7f293b67901462bb1a6552,https://archive.softwareheritage.org/browse/revision/3b0462726e7ef281c35a7a4ae33e93ee2bc9975b/,POSITIVE,,,,,
https://github.com/ddnet/ddnet,https://github.com/teeworlds/teeworlds,CVE-2020-12066,https://archive.softwareheritage.org/browse/revision/5705099446da32e686ab022c82a969e9277e7c9e,https://archive.softwareheritage.org/browse/revision/c68402fa7e279d42886d5951d1ea8ac2facc1ea5/,POSITIVE,,,,,
https://github.com/syscoin/syscoin,https://github.com/bitcoin/bitcoin,CVE-2021-37492,https://archive.softwareheritage.org/browse/revision/078ab980cdf58d17e346e915bbe63b44cb5bc313,https://archive.softwareheritage.org/browse/revision/2fb9c1e6681370478e24a19172ed6d78d95d50d3/,POSITIVE,,,,,
https://github.com/syndbg/goenv,https://github.com/pyenv/pyenv,CVE-2022-35861,https://archive.softwareheritage.org/browse/revision/46e3707bb973809ac9b815d041e983e861b0d984,https://archive.softwareheritage.org/browse/revision/22fa683571d98b59ea16e5fe48ac411c67939653/,POSITIVE,AFFECTED,,,,
https://github.com/reMarkable/linux,https://git.kernel.org/pub/scm/linux/kernel/git/torvalds/linux.git,CVE-2022-0516,https://archive.softwareheritage.org/browse/revision/20b9954fd6345ecd241c135d87081b4e10b4febc,https://archive.softwareheritage.org/browse/revision/09a93c1df3eafa43bcdfd7bf837c574911f12f55/,POSITIVE,,,,,
https://github.com/sonyxperiadev/kernel,https://git.kernel.org/pub/scm/linux/kernel/git/torvalds/linux.git,CVE-2022-0516,https://archive.softwareheritage.org/browse/revision/9ac561909bae9136f07ed94ffcad068fc24603ad,https://archive.softwareheritage.org/browse/revision/09a93c1df3eafa43bcdfd7bf837c574911f12f55/,POSITIVE,NOT AFFECTED,,,,
https://github.com/rockchip-linux/kernel,https://git.kernel.org/pub/scm/linux/kernel/git/torvalds/linux.git,CVE-2022-0516,https://archive.softwareheritage.org/browse/revision/098442d79d1afe9a7d19db5e71a04f0c007755de,https://archive.softwareheritage.org/browse/revision/09a93c1df3eafa43bcdfd7bf837c574911f12f55/,POSITIVE,,,,,
https://github.com/panda-re/panda,https://gitlab.com/qemu-project/qemu,CVE-2022-26353,https://archive.softwareheritage.org/browse/revision/831b930d80c526582aed342003efadfbf9890aaf,https://archive.softwareheritage.org/browse/revision/abe300d9d894f7138e1af7c8e9c88c04bfe98b37/,POSITIVE,,,,,
https://github.com/panda-re/panda,https://github.com/qemu/qemu,CVE-2019-13164,https://archive.softwareheritage.org/browse/revision/831b930d80c526582aed342003efadfbf9890aaf,https://archive.softwareheritage.org/browse/revision/03d7712b4bcd47bfe0fe14ba2fffa87e111fa086/,POSITIVE,AFFECTED,,,,
https://github.com/beckus/qemu_stm32,https://gitlab.com/qemu-project/qemu,CVE-2022-26353,https://archive.softwareheritage.org/browse/revision/5ae4df8a7267149f6ff5a9f8fa4f6b8adbc28fbc,https://archive.softwareheritage.org/browse/revision/abe300d9d894f7138e1af7c8e9c88c04bfe98b37/,POSITIVE,AFFECTED,,,,
https://github.com/justmoon/node-extend,https://github.com/eggjs/extend2,CVE-2021-23568,https://archive.softwareheritage.org/browse/revision/eae3077fbb46f88b802565c71e5969fa7cec5207,https://archive.softwareheritage.org/browse/revision/aa332a59116c8398976434b57ea477c6823054f8/,POSITIVE,NOT AFFECTED,,,,
https://github.com/bitcoin-sv/bitcoin-sv,https://github.com/bitcoin/bitcoin,CVE-2021-37492,https://archive.softwareheritage.org/browse/revision/e92829b814cf470a1801dc484259118722337b5e,https://archive.softwareheritage.org/browse/revision/2fb9c1e6681370478e24a19172ed6d78d95d50d3/,POSITIVE,AFFECTED,,,,
https://github.com/hardkernel/linux,https://git.kernel.org/pub/scm/linux/kernel/git/torvalds/linux.git,CVE-2022-0516,https://archive.softwareheritage.org/browse/revision/b217bb34730992669ae554c6f8b13ff8d159a795,https://archive.softwareheritage.org/browse/revision/09a93c1df3eafa43bcdfd7bf837c574911f12f55/,POSITIVE,NOT AFFECTED,,,,
https://github.com/gomini/go-mips32,https://github.com/golang/go,CVE-2019-6486,https://archive.softwareheritage.org/browse/revision/56b0efd6bad0c9554b5670fa6c3641282dd4d570,https://archive.softwareheritage.org/browse/revision/42b42f71cf8f5956c09e66230293dfb5db652360/,POSITIVE,,,,,
https://github.com/gomini/go-mips32,https://github.com/golang/go,CVE-2023-39533,https://archive.softwareheritage.org/browse/revision/56b0efd6bad0c9554b5670fa6c3641282dd4d570,https://archive.softwareheritage.org/browse/revision/2350afd2e8ab054390e284c95d5b089c142db017/,POSITIVE,,,,,
https://github.com/XQuartz/xorg-server,https://gitlab.freedesktop.org/xorg/xserver,CVE-2023-6377,https://archive.softwareheritage.org/browse/revision/eb7c1e7fb16338d8fc03a0bb0f9bb53eb99ee139,https://archive.softwareheritage.org/browse/revision/0c1a93d319558fe3ab2d94f51d174b4f93810afd/ https://archive.softwareheritage.org/browse/revision/a7bda3080d2b44eae668cdcec7a93095385b9652/ https://archive.softwareheritage.org/browse/revision/19e9f199950aaa4b9b7696936d1b067475da999c/,POSITIVE,,,,,
https://github.com/rhysd/vim.wasm,https://github.com/vim/vim,CVE-2022-1154,https://archive.softwareheritage.org/browse/revision/310836b3824a401d18725f786bc7f3ff6ab678e8,https://archive.softwareheritage.org/browse/revision/b55986c52d4cd88a22d0b0b0e8a79547ba13e1d5/,POSITIVE,,,,,
https://github.com/rhysd/vim.wasm,https://github.com/vim/vim,CVE-2022-2285,https://archive.softwareheritage.org/browse/revision/310836b3824a401d18725f786bc7f3ff6ab678e8,https://archive.softwareheritage.org/browse/revision/27efc62f5d86afcb2ecb7565587fe8dea4b036fe/,POSITIVE,,,,,
https://github.com/rhysd/vim.wasm,https://github.com/vim/vim,CVE-2022-2206,https://archive.softwareheritage.org/browse/revision/310836b3824a401d18725f786bc7f3ff6ab678e8,https://archive.softwareheritage.org/browse/revision/e178af5a586ea023622d460779fdcabbbfac0908/,POSITIVE,,,,,
https://github.com/Snapchat/KeyDB,https://github.com/redis/redis,CVE-2021-21309,https://archive.softwareheritage.org/browse/revision/603ebb27fb82a27fb98b0feb6749b0f7661a1c4b,https://archive.softwareheritage.org/browse/revision/c992857618db99776917f10bf4f2345a5fdc78b0/,NEGATIVE,,,,,
https://github.com/felipec/git,https://github.com/git/git,CVE-2023-25652,https://archive.softwareheritage.org/browse/revision/096519100ffe2031c6d2eb94b8e0b98aac837642,https://archive.softwareheritage.org/browse/revision/18e2b1cfc80990719275d7b08e6e50f3e8cbc902/ https://archive.softwareheritage.org/browse/revision/668f2d53613ac8fd373926ebe219f2c29112d93e/,POSITIVE,,Sent,,,
https://github.com/gitster/git,https://github.com/git/git,CVE-2023-25652,https://archive.softwareheritage.org/browse/revision/514c09109d03fb49eee2a86e870c78d10e2dd22d,https://archive.softwareheritage.org/browse/revision/18e2b1cfc80990719275d7b08e6e50f3e8cbc902/ https://archive.softwareheritage.org/browse/revision/668f2d53613ac8fd373926ebe219f2c29112d93e/,NEGATIVE,,,,,
https://github.com/git-for-windows/git,https://github.com/git/git,CVE-2023-25652,https://archive.softwareheritage.org/browse/revision/038f69e761e30c0313f90e0e86b48836896e3b35,https://archive.softwareheritage.org/browse/revision/18e2b1cfc80990719275d7b08e6e50f3e8cbc902/ https://archive.softwareheritage.org/browse/revision/668f2d53613ac8fd373926ebe219f2c29112d93e/,NEGATIVE,,,,,
https://github.com/cloudflare/zlib,https://github.com/madler/zlib,CVE-2016-9842,https://archive.softwareheritage.org/browse/revision/7aa510344e06fecd6fe09195ac22e9a424ceb660,https://archive.softwareheritage.org/browse/revision/e54e1299404101a5a9d0cf5e45512b543967f958/,NEGATIVE,,,,,
https://github.com/Snapchat/KeyDB,https://github.com/redis/redis,CVE-2021-32762,https://archive.softwareheritage.org/browse/revision/603ebb27fb82a27fb98b0feb6749b0f7661a1c4b,https://archive.softwareheritage.org/browse/revision/0215324a66af949be39b34be2d55143232c1cb71/,NEGATIVE,,,,,
https://github.com/rhysd/vim.wasm,https://github.com/vim/vim,CVE-2022-1886,https://archive.softwareheritage.org/browse/revision/310836b3824a401d18725f786bc7f3ff6ab678e8,https://archive.softwareheritage.org/browse/revision/2a585c85013be22f59f184d49612074fd9b115d7/,POSITIVE,,,,,
https://github.com/expo/react-native,https://github.com/facebook/react-native,CVE-2020-1920,https://archive.softwareheritage.org/browse/revision/ab29e8327a43c19b88b223e9299168d45b0ac44c,https://archive.softwareheritage.org/browse/revision/ca09ae82715e33c9ac77b3fa55495cf84ba891c7/,NEGATIVE,,,,,
https://github.com/rhysd/vim.wasm,https://github.com/vim/vim,CVE-2022-2343,https://archive.softwareheritage.org/browse/revision/310836b3824a401d18725f786bc7f3ff6ab678e8,https://archive.softwareheritage.org/browse/revision/caea66442d86e7bbba3bf3dc202c3c0d549b9853/,POSITIVE,,,,,
https://github.com/rhysd/vim.wasm,https://github.com/vim/vim,CVE-2022-1796,https://archive.softwareheritage.org/browse/revision/310836b3824a401d18725f786bc7f3ff6ab678e8,https://archive.softwareheritage.org/browse/revision/28d032cc688ccfda18c5bbcab8b50aba6e18cde5/,POSITIVE,,,,,
https://github.com/gitster/git,https://github.com/git/git,CVE-2023-29007,https://archive.softwareheritage.org/browse/revision/514c09109d03fb49eee2a86e870c78d10e2dd22d,https://archive.softwareheritage.org/browse/revision/528290f8c61222433a8cf02fb7cfffa8438432b4/,NEGATIVE,,,,,
https://github.com/git-for-windows/git,https://github.com/git/git,CVE-2023-29007,https://archive.softwareheritage.org/browse/revision/038f69e761e30c0313f90e0e86b48836896e3b35,https://archive.softwareheritage.org/browse/revision/528290f8c61222433a8cf02fb7cfffa8438432b4/,NEGATIVE,,,,,
https://github.com/rhysd/vim.wasm,https://github.com/vim/vim,CVE-2022-1616,https://archive.softwareheritage.org/browse/revision/310836b3824a401d18725f786bc7f3ff6ab678e8,https://archive.softwareheritage.org/browse/revision/d88934406c5375d88f8f1b65331c9f0cab68cc6c/,POSITIVE,,,,,
https://github.com/rhysd/vim.wasm,https://github.com/vim/vim,CVE-2022-2849,https://archive.softwareheritage.org/browse/revision/310836b3824a401d18725f786bc7f3ff6ab678e8,https://archive.softwareheritage.org/browse/revision/f6d39c31d2177549a986d170e192d8351bd571e2/,POSITIVE,,,,,
https://github.com/git-for-windows/git,https://github.com/git/git,CVE-2024-32002,https://archive.softwareheritage.org/browse/revision/f091e41a5a4c2716a65a2e5f188e515238060ff8,https://archive.softwareheritage.org/browse/revision/97065761333fd62db1912d81b489db938d8c991d/,NEGATIVE,,,,,
https://github.com/gitster/git,https://github.com/git/git,CVE-2024-32002,https://archive.softwareheritage.org/browse/revision/514c09109d03fb49eee2a86e870c78d10e2dd22d,https://archive.softwareheritage.org/browse/revision/97065761333fd62db1912d81b489db938d8c991d/,NEGATIVE,,,,,
https://github.com/rhysd/vim.wasm,https://github.com/vim/vim,CVE-2021-4136,https://archive.softwareheritage.org/browse/revision/310836b3824a401d18725f786bc7f3ff6ab678e8,https://archive.softwareheritage.org/browse/revision/605ec91e5a7330d61be313637e495fa02a6dc264/,NEGATIVE,,,,,
https://github.com/rhysd/vim.wasm,https://github.com/vim/vim,CVE-2023-4734,https://archive.softwareheritage.org/browse/revision/310836b3824a401d18725f786bc7f3ff6ab678e8,https://archive.softwareheritage.org/browse/revision/4c6fe2e2ea62469642ed1d80b16d39e616b25cf5/,NEGATIVE,,,,,
https://github.com/rhysd/vim.wasm,https://github.com/vim/vim,CVE-2022-2129,https://archive.softwareheritage.org/browse/revision/310836b3824a401d18725f786bc7f3ff6ab678e8,https://archive.softwareheritage.org/browse/revision/d6211a52ab9f53b82f884561ed43d2fe4d24ff7d/,POSITIVE,,,,,
https://github.com/rhysd/vim.wasm,https://github.com/vim/vim,CVE-2023-4751,https://archive.softwareheritage.org/browse/revision/310836b3824a401d18725f786bc7f3ff6ab678e8,https://archive.softwareheritage.org/browse/revision/e1121b139480f53d1b06f84f3e4574048108fa0b/,POSITIVE,,,,,
https://github.com/rhysd/vim.wasm,https://github.com/vim/vim,CVE-2022-4292,https://archive.softwareheritage.org/browse/revision/310836b3824a401d18725f786bc7f3ff6ab678e8,https://archive.softwareheritage.org/browse/revision/c3d27ada14acd02db357f2d16347acc22cb17e93/,POSITIVE,,,,,
https://github.com/rhysd/vim.wasm,https://github.com/vim/vim,CVE-2023-2610,https://archive.softwareheritage.org/browse/revision/310836b3824a401d18725f786bc7f3ff6ab678e8,https://archive.softwareheritage.org/browse/revision/ab9a2d884b3a4abe319606ea95a5a6d6b01cd73a/,POSITIVE,,,,,
https://github.com/rhysd/vim.wasm,https://github.com/vim/vim,CVE-2021-3968,https://archive.softwareheritage.org/browse/revision/310836b3824a401d18725f786bc7f3ff6ab678e8,https://archive.softwareheritage.org/browse/revision/a062006b9de0b2947ab5fb376c6e67ef92a8cd69/,POSITIVE,,,,,
https://github.com/rhysd/vim.wasm,https://github.com/vim/vim,CVE-2021-3872,https://archive.softwareheritage.org/browse/revision/310836b3824a401d18725f786bc7f3ff6ab678e8,https://archive.softwareheritage.org/browse/revision/826bfe4bbd7594188e3d74d2539d9707b1c6a14b/,POSITIVE,,,,,
https://github.com/rhysd/vim.wasm,https://github.com/vim/vim,CVE-2023-0054,https://archive.softwareheritage.org/browse/revision/310836b3824a401d18725f786bc7f3ff6ab678e8,https://archive.softwareheritage.org/browse/revision/3ac1d97a1d9353490493d30088256360435f7731/,NEGATIVE,,,,,
https://github.com/rhysd/vim.wasm,https://github.com/vim/vim,CVE-2022-1897,https://archive.softwareheritage.org/browse/revision/310836b3824a401d18725f786bc7f3ff6ab678e8,https://archive.softwareheritage.org/browse/revision/338f1fc0ee3ca929387448fe464579d6113fa76a/,POSITIVE,,,,,
https://github.com/rhysd/vim.wasm,https://github.com/vim/vim,CVE-2022-2982,https://archive.softwareheritage.org/browse/revision/310836b3824a401d18725f786bc7f3ff6ab678e8,https://archive.softwareheritage.org/browse/revision/d6c67629ed05aae436164eec474832daf8ba7420/,NEGATIVE,,,,,
https://github.com/rhysd/vim.wasm,https://github.com/vim/vim,CVE-2023-0288,https://archive.softwareheritage.org/browse/revision/310836b3824a401d18725f786bc7f3ff6ab678e8,https://archive.softwareheritage.org/browse/revision/232bdaaca98c34a99ffadf27bf6ee08be6cc8f6a/,POSITIVE,,,,,
https://github.com/rhysd/vim.wasm,https://github.com/vim/vim,CVE-2022-1619,https://archive.softwareheritage.org/browse/revision/310836b3824a401d18725f786bc7f3ff6ab678e8,https://archive.softwareheritage.org/browse/revision/ef02f16609ff0a26ffc6e20263523424980898fe/,POSITIVE,,,,,
https://github.com/rhysd/vim.wasm,https://github.com/vim/vim,CVE-2021-3984,https://archive.softwareheritage.org/browse/revision/310836b3824a401d18725f786bc7f3ff6ab678e8,https://archive.softwareheritage.org/browse/revision/2de9b7c7c8791da8853a9a7ca9c467867465b655/,POSITIVE,,,,,
https://github.com/rhysd/vim.wasm,https://github.com/vim/vim,CVE-2022-0729,https://archive.softwareheritage.org/browse/revision/310836b3824a401d18725f786bc7f3ff6ab678e8,https://archive.softwareheritage.org/browse/revision/6456fae9ba8e72c74b2c0c499eaf09974604ff30/,POSITIVE,,,,,
https://github.com/Snapchat/KeyDB,https://github.com/redis/redis,CVE-2021-32687,https://archive.softwareheritage.org/browse/revision/603ebb27fb82a27fb98b0feb6749b0f7661a1c4b,https://archive.softwareheritage.org/browse/revision/a30d367a71b7017581cf1ca104242a3c644dec0f/,NEGATIVE,,,,,
https://github.com/rhysd/vim.wasm,https://github.com/vim/vim,CVE-2022-2571,https://archive.softwareheritage.org/browse/revision/310836b3824a401d18725f786bc7f3ff6ab678e8,https://archive.softwareheritage.org/browse/revision/a6f9e300161f4cb54713da22f65b261595e8e614/,NEGATIVE,,,,,
https://github.com/rhysd/vim.wasm,https://github.com/vim/vim,CVE-2021-3973,https://archive.softwareheritage.org/browse/revision/310836b3824a401d18725f786bc7f3ff6ab678e8,https://archive.softwareheritage.org/browse/revision/615ddd5342b50a6878a907062aa471740bd9a847/,POSITIVE,,,,,
https://github.com/Snapchat/KeyDB,https://github.com/redis/redis,CVE-2021-32628,https://archive.softwareheritage.org/browse/revision/603ebb27fb82a27fb98b0feb6749b0f7661a1c4b,https://archive.softwareheritage.org/browse/revision/f6a40570fa63d5afdd596c78083d754081d80ae3/,NEGATIVE,,,,,
https://github.com/rhysd/vim.wasm,https://github.com/vim/vim,CVE-2022-1785,https://archive.softwareheritage.org/browse/revision/310836b3824a401d18725f786bc7f3ff6ab678e8,https://archive.softwareheritage.org/browse/revision/e2bd8600b873d2cd1f9d667c28cba8b1dba18839/,POSITIVE,,,,,
https://github.com/rhysd/vim.wasm,https://github.com/vim/vim,CVE-2023-0049,https://archive.softwareheritage.org/browse/revision/310836b3824a401d18725f786bc7f3ff6ab678e8,https://archive.softwareheritage.org/browse/revision/7b17eb4b063a234376c1ec909ee293e42cff290c/,POSITIVE,,,,,
https://github.com/rhysd/vim.wasm,https://github.com/vim/vim,CVE-2022-2257,https://archive.softwareheritage.org/browse/revision/310836b3824a401d18725f786bc7f3ff6ab678e8,https://archive.softwareheritage.org/browse/revision/083692d598139228e101b8c521aaef7bcf256e9a/,POSITIVE,,,,,
https://github.com/rhysd/vim.wasm,https://github.com/vim/vim,CVE-2022-0393,https://archive.softwareheritage.org/browse/revision/310836b3824a401d18725f786bc7f3ff6ab678e8,https://archive.softwareheritage.org/browse/revision/a4bc2dd7cccf5a4a9f78b58b6f35a45d17164323/,NEGATIVE,,,,,
https://github.com/rhysd/vim.wasm,https://github.com/vim/vim,CVE-2022-0361,https://archive.softwareheritage.org/browse/revision/310836b3824a401d18725f786bc7f3ff6ab678e8,https://archive.softwareheritage.org/browse/revision/dc5490e2cbc8c16022a23b449b48c1bd0083f366/,NEGATIVE,,,,,
https://github.com/rhysd/vim.wasm,https://github.com/vim/vim,CVE-2022-2207,https://archive.softwareheritage.org/browse/revision/310836b3824a401d18725f786bc7f3ff6ab678e8,https://archive.softwareheritage.org/browse/revision/0971c7a4e537ea120a6bb2195960be8d0815e97b/,POSITIVE,,,,,
https://github.com/XQuartz/xorg-server,https://gitlab.freedesktop.org/xorg/xserver,CVE-2023-6478,https://archive.softwareheritage.org/browse/revision/eb7c1e7fb16338d8fc03a0bb0f9bb53eb99ee139,https://archive.softwareheritage.org/browse/revision/aaf854fb25541380cc38a221c15f0e8372f48872/ https://archive.softwareheritage.org/browse/revision/58e83c683950ac9e253ab05dd7a13a8368b70a3c/ https://archive.softwareheritage.org/browse/revision/14f480010a93ff962fef66a16412fafff81ad632/,POSITIVE,,,,,
https://github.com/rhysd/vim.wasm,https://github.com/vim/vim,CVE-2022-2288,https://archive.softwareheritage.org/browse/revision/310836b3824a401d18725f786bc7f3ff6ab678e8,https://archive.softwareheritage.org/browse/revision/c6fdb15d423df22e1776844811d082322475e48a/,NEGATIVE,,,,,
https://github.com/rhysd/vim.wasm,https://github.com/vim/vim,CVE-2022-2183,https://archive.softwareheritage.org/browse/revision/310836b3824a401d18725f786bc7f3ff6ab678e8,https://archive.softwareheritage.org/browse/revision/8eba2bd291b347e3008aa9e565652d51ad638cfa/,POSITIVE,,,,,
https://github.com/rhysd/vim.wasm,https://github.com/vim/vim,CVE-2022-0408,https://archive.softwareheritage.org/browse/revision/310836b3824a401d18725f786bc7f3ff6ab678e8,https://archive.softwareheritage.org/browse/revision/06f15416bb8d5636200a10776f1752c4d6e49f31/,POSITIVE,,,,,
https://github.com/cloudflare/zlib,https://github.com/madler/zlib,CVE-2016-9841,https://archive.softwareheritage.org/browse/revision/7aa510344e06fecd6fe09195ac22e9a424ceb660,https://archive.softwareheritage.org/browse/revision/9aaec95e82117c1cb0f9624264c3618fc380cecb/,NEGATIVE,,,,,
https://github.com/rhysd/vim.wasm,https://github.com/vim/vim,CVE-2022-0413,https://archive.softwareheritage.org/browse/revision/310836b3824a401d18725f786bc7f3ff6ab678e8,https://archive.softwareheritage.org/browse/revision/37f47958b8a2a44abc60614271d9537e7f14e51a/,POSITIVE,,,,,
https://github.com/rhysd/vim.wasm,https://github.com/vim/vim,CVE-2022-1769,https://archive.softwareheritage.org/browse/revision/310836b3824a401d18725f786bc7f3ff6ab678e8,https://archive.softwareheritage.org/browse/revision/4748c4bd64610cf943a431d215bb1aad51f8d0b4/,POSITIVE,,,,,
https://github.com/rhysd/vim.wasm,https://github.com/vim/vim,CVE-2022-1735,https://archive.softwareheritage.org/browse/revision/310836b3824a401d18725f786bc7f3ff6ab678e8,https://archive.softwareheritage.org/browse/revision/7ce5b2b590256ce53d6af28c1d203fb3bc1d2d97/,POSITIVE,,,,,
https://github.com/rhysd/vim.wasm,https://github.com/vim/vim,CVE-2022-0685,https://archive.softwareheritage.org/browse/revision/310836b3824a401d18725f786bc7f3ff6ab678e8,https://archive.softwareheritage.org/browse/revision/5921aeb5741fc6e84c870d68c7c35b93ad0c9f87/,POSITIVE,,,,,
https://github.com/rhysd/vim.wasm,https://github.com/vim/vim,CVE-2022-2284,https://archive.softwareheritage.org/browse/revision/310836b3824a401d18725f786bc7f3ff6ab678e8,https://archive.softwareheritage.org/browse/revision/3d51ce18ab1be4f9f6061568a4e7fabf00b21794/,POSITIVE,,,,,
https://github.com/rhysd/vim.wasm,https://github.com/vim/vim,CVE-2022-2210,https://archive.softwareheritage.org/browse/revision/310836b3824a401d18725f786bc7f3ff6ab678e8,https://archive.softwareheritage.org/browse/revision/c101abff4c6756db4f5e740fde289decb9452efa/,POSITIVE,,,,,
https://github.com/rhysd/vim.wasm,https://github.com/vim/vim,CVE-2022-4141,https://archive.softwareheritage.org/browse/revision/310836b3824a401d18725f786bc7f3ff6ab678e8,https://archive.softwareheritage.org/browse/revision/cc762a48d42b579fb7bdec2c614636b830342dd5/,POSITIVE,,,,,
https://github.com/rhysd/vim.wasm,https://github.com/vim/vim,CVE-2022-0572,https://archive.softwareheritage.org/browse/revision/310836b3824a401d18725f786bc7f3ff6ab678e8,https://archive.softwareheritage.org/browse/revision/6e28703a8e41f775f64e442c5d11ce1ff599aa3f/,POSITIVE,,,,,
https://github.com/reMarkable/linux,https://git.kernel.org/pub/scm/linux/kernel/git/torvalds/linux.git,CVE-2021-4154,https://archive.softwareheritage.org/browse/revision/20b9954fd6345ecd241c135d87081b4e10b4febc,https://archive.softwareheritage.org/browse/revision/3b0462726e7ef281c35a7a4ae33e93ee2bc9975b/,POSITIVE,,sent,,,
https://github.com/MotorolaMobilityLLC/kernel-msm,https://git.kernel.org/pub/scm/linux/kernel/git/torvalds/linux.git,CVE-2021-4154,https://archive.softwareheritage.org/browse/revision/fb25b3dba2bc6319c82baa58ca2942e6cd87c81f,https://archive.softwareheritage.org/browse/revision/3b0462726e7ef281c35a7a4ae33e93ee2bc9975b/,NEGATIVE,,,,,
https://github.com/linux-kernel-labs/linux,https://git.kernel.org/pub/scm/linux/kernel/git/torvalds/linux.git,CVE-2021-4154,https://archive.softwareheritage.org/browse/revision/696df5ea825e7b2468c80920cf3ad729ae8db2cc,https://archive.softwareheritage.org/browse/revision/3b0462726e7ef281c35a7a4ae33e93ee2bc9975b/,POSITIVE,EXCLUDED,,,,
https://github.com/google/ghost-kernel,https://git.kernel.org/pub/scm/linux/kernel/git/torvalds/linux.git,CVE-2021-4154,https://archive.softwareheritage.org/browse/revision/edd5f9490d82df24c16f90a62f7be05c6c389867,https://archive.softwareheritage.org/browse/revision/3b0462726e7ef281c35a7a4ae33e93ee2bc9975b/,POSITIVE,,sent,,,
https://github.com/rhysd/vim.wasm,https://github.com/vim/vim,CVE-2022-0318,https://archive.softwareheritage.org/browse/revision/310836b3824a401d18725f786bc7f3ff6ab678e8,https://archive.softwareheritage.org/browse/revision/57df9e8a9f9ae1aafdde9b86b10ad907627a87dc/,POSITIVE,,,,,
https://github.com/Snapchat/KeyDB,https://github.com/redis/redis,CVE-2021-32626,https://archive.softwareheritage.org/browse/revision/603ebb27fb82a27fb98b0feb6749b0f7661a1c4b,https://archive.softwareheritage.org/browse/revision/666ed7facf4524bf6d19b11b20faa2cf93fdf591/,NEGATIVE,,,,,
https://github.com/rhysd/vim.wasm,https://github.com/vim/vim,CVE-2021-4069,https://archive.softwareheritage.org/browse/revision/310836b3824a401d18725f786bc7f3ff6ab678e8,https://archive.softwareheritage.org/browse/revision/e031fe90cf2e375ce861ff5e5e281e4ad229ebb9/,POSITIVE,,,,,
https://github.com/adafruit/circuitpython,https://github.com/jimmo/micropython,PYSEC-2023-256,https://archive.softwareheritage.org/browse/revision/f75340f88fcff6ad69faba870beeb67135f51765,https://archive.softwareheritage.org/browse/revision/8b24aa36ba978eafc6114b6798b47b7bfecdca26/,NEGATIVE,,,,,
https://github.com/rhysd/vim.wasm,https://github.com/vim/vim,CVE-2022-2286,https://archive.softwareheritage.org/browse/revision/310836b3824a401d18725f786bc7f3ff6ab678e8,https://archive.softwareheritage.org/browse/revision/f12129f1714f7d2301935bb21d896609bdac221c/,POSITIVE,,,,,
https://github.com/bitnine-oss/agensgraph,https://github.com/postgres/postgres,CVE-2021-23214,https://archive.softwareheritage.org/browse/revision/671510be3fa84d015cdac3c97ddd276e0dd71e1e,https://archive.softwareheritage.org/browse/revision/28e24125541545483093819efae9bca603441951/,NEGATIVE,,,,,
https://github.com/rhysd/vim.wasm,https://github.com/vim/vim,CVE-2023-1127,https://archive.softwareheritage.org/browse/revision/310836b3824a401d18725f786bc7f3ff6ab678e8,https://archive.softwareheritage.org/browse/revision/e0f869196930ef5f25a0ac41c9215b09c9ce2d3c/,NEGATIVE,,,,,
https://github.com/rhysd/vim.wasm,https://github.com/vim/vim,CVE-2021-3928,https://archive.softwareheritage.org/browse/revision/310836b3824a401d18725f786bc7f3ff6ab678e8,https://archive.softwareheritage.org/browse/revision/15d9890eee53afc61eb0a03b878a19cb5672f732/,POSITIVE,,,,,
https://github.com/ytdl-patched/ytdl-patched,https://github.com/yt-dlp/yt-dlp,CVE-2023-35934,https://archive.softwareheritage.org/browse/revision/249683c3ecacaac38c34e3e6e5e6443bf3c08e83,https://archive.softwareheritage.org/browse/revision/3121512228487c9c690d3d39bfd2579addf96e07/ https://archive.softwareheritage.org/browse/revision/1ceb657bdd254ad961489e5060f2ccc7d556b729/ https://archive.softwareheritage.org/browse/revision/f8b4bcc0a791274223723488bfbfc23ea3276641/,POSITIVE,,,,,
https://github.com/rhysd/vim.wasm,https://github.com/vim/vim,CVE-2022-1968,https://archive.softwareheritage.org/browse/revision/310836b3824a401d18725f786bc7f3ff6ab678e8,https://archive.softwareheritage.org/browse/revision/409510c588b1eec1ae33511ae97a21eb8e110895/,POSITIVE,,,,,
https://github.com/rhysd/vim.wasm,https://github.com/vim/vim,CVE-2022-0417,https://archive.softwareheritage.org/browse/revision/310836b3824a401d18725f786bc7f3ff6ab678e8,https://archive.softwareheritage.org/browse/revision/652dee448618589de5528a9e9a36995803f5557a/,POSITIVE,,,,,
https://github.com/rhysd/vim.wasm,https://github.com/vim/vim,CVE-2022-3234,https://archive.softwareheritage.org/browse/revision/310836b3824a401d18725f786bc7f3ff6ab678e8,https://archive.softwareheritage.org/browse/revision/c249913edc35c0e666d783bfc21595cf9f7d9e0d/,POSITIVE,,,,,
https://github.com/rhysd/vim.wasm,https://github.com/vim/vim,CVE-2022-2287,https://archive.softwareheritage.org/browse/revision/310836b3824a401d18725f786bc7f3ff6ab678e8,https://archive.softwareheritage.org/browse/revision/5e59ea54c0c37c2f84770f068d95280069828774/,NEGATIVE,,,,,
https://github.com/rhysd/vim.wasm,https://github.com/vim/vim,CVE-2022-1381,https://archive.softwareheritage.org/browse/revision/310836b3824a401d18725f786bc7f3ff6ab678e8,https://archive.softwareheritage.org/browse/revision/f50808ed135ab973296bca515ae4029b321afe47/,NEGATIVE,,,,,
https://github.com/rhysd/vim.wasm,https://github.com/vim/vim,CVE-2022-3352,https://archive.softwareheritage.org/browse/revision/310836b3824a401d18725f786bc7f3ff6ab678e8,https://archive.softwareheritage.org/browse/revision/ef976323e770315b5fca544efb6b2faa25674d15/,POSITIVE,,,,,
https://github.com/rhysd/vim.wasm,https://github.com/vim/vim,CVE-2022-2182,https://archive.softwareheritage.org/browse/revision/310836b3824a401d18725f786bc7f3ff6ab678e8,https://archive.softwareheritage.org/browse/revision/f7c7c3fad6d2135d558f3b36d0d1a943118aeb5e/,NEGATIVE,,,,,
https://github.com/rhysd/vim.wasm,https://github.com/vim/vim,CVE-2022-2345,https://archive.softwareheritage.org/browse/revision/310836b3824a401d18725f786bc7f3ff6ab678e8,https://archive.softwareheritage.org/browse/revision/32acf1f1a72ebb9d8942b9c9d80023bf1bb668ea/,NEGATIVE,,,,,
https://github.com/rhysd/vim.wasm,https://github.com/vim/vim,CVE-2022-0359,https://archive.softwareheritage.org/browse/revision/310836b3824a401d18725f786bc7f3ff6ab678e8,https://archive.softwareheritage.org/browse/revision/85b6747abc15a7a81086db31289cf1b8b17e6cb1/,POSITIVE,,,,,
https://github.com/rhysd/vim.wasm,https://github.com/vim/vim,CVE-2021-3974,https://archive.softwareheritage.org/browse/revision/310836b3824a401d18725f786bc7f3ff6ab678e8,https://archive.softwareheritage.org/browse/revision/64066b9acd9f8cffdf4840f797748f938a13f2d6/,POSITIVE,,,,,
https://github.com/rhysd/vim.wasm,https://github.com/vim/vim,CVE-2022-0392,https://archive.softwareheritage.org/browse/revision/310836b3824a401d18725f786bc7f3ff6ab678e8,https://archive.softwareheritage.org/browse/revision/806d037671e133bd28a7864248763f643967973a/,POSITIVE,,,,,
https://github.com/rhysd/vim.wasm,https://github.com/vim/vim,CVE-2021-3927,https://archive.softwareheritage.org/browse/revision/310836b3824a401d18725f786bc7f3ff6ab678e8,https://archive.softwareheritage.org/browse/revision/0b5b06cb4777d1401fdf83e7d48d287662236e7e/,NEGATIVE,,,,,
https://github.com/rhysd/vim.wasm,https://github.com/vim/vim,CVE-2022-2304,https://archive.softwareheritage.org/browse/revision/310836b3824a401d18725f786bc7f3ff6ab678e8,https://archive.softwareheritage.org/browse/revision/54e5fed6d27b747ff152cdb6edfb72ff60e70939/,POSITIVE,,,,,
https://github.com/rhysd/vim.wasm,https://github.com/vim/vim,CVE-2022-1733,https://archive.softwareheritage.org/browse/revision/310836b3824a401d18725f786bc7f3ff6ab678e8,https://archive.softwareheritage.org/browse/revision/60ae0e71490c97f2871a6344aca61cacf220f813/,POSITIVE,,,,,
https://github.com/rhysd/vim.wasm,https://github.com/vim/vim,CVE-2021-3770,https://archive.softwareheritage.org/browse/revision/310836b3824a401d18725f786bc7f3ff6ab678e8,https://archive.softwareheritage.org/browse/revision/b7081e135a16091c93f6f5f7525a5c58fb7ca9f9/,POSITIVE,,,,,
https://github.com/rhysd/vim.wasm,https://github.com/vim/vim,CVE-2022-3099,https://archive.softwareheritage.org/browse/revision/310836b3824a401d18725f786bc7f3ff6ab678e8,https://archive.softwareheritage.org/browse/revision/35d21c6830fc2d68aca838424a0e786821c5891c/,POSITIVE,,,,,
https://github.com/rhysd/vim.wasm,https://github.com/vim/vim,CVE-2022-0368,https://archive.softwareheritage.org/browse/revision/310836b3824a401d18725f786bc7f3ff6ab678e8,https://archive.softwareheritage.org/browse/revision/8d02ce1ed75d008c34a5c9aaa51b67cbb9d33baa/,POSITIVE,,,,,
https://github.com/rhysd/vim.wasm,https://github.com/vim/vim,CVE-2022-2000,https://archive.softwareheritage.org/browse/revision/310836b3824a401d18725f786bc7f3ff6ab678e8,https://archive.softwareheritage.org/browse/revision/44a3f3353e0407e9fffee138125a6927d1c9e7e5/,POSITIVE,,,,,
https://github.com/rhysd/vim.wasm,https://github.com/vim/vim,CVE-2022-1942,https://archive.softwareheritage.org/browse/revision/310836b3824a401d18725f786bc7f3ff6ab678e8,https://archive.softwareheritage.org/browse/revision/71223e2db87c2bf3b09aecb46266b56cda26191d/,POSITIVE,,,,,
https://github.com/rhysd/vim.wasm,https://github.com/vim/vim,CVE-2022-0943,https://archive.softwareheritage.org/browse/revision/310836b3824a401d18725f786bc7f3ff6ab678e8,https://archive.softwareheritage.org/browse/revision/5c68617d395f9d7b824f68475b24ce3e38d653a3/,POSITIVE,,,,,
https://github.com/rhysd/vim.wasm,https://github.com/vim/vim,CVE-2022-3296,https://archive.softwareheritage.org/browse/revision/310836b3824a401d18725f786bc7f3ff6ab678e8,https://archive.softwareheritage.org/browse/revision/96b9bf8f74af8abf1e30054f996708db7dc285be/,POSITIVE,,,,,
https://github.com/rhysd/vim.wasm,https://github.com/vim/vim,CVE-2022-2175,https://archive.softwareheritage.org/browse/revision/310836b3824a401d18725f786bc7f3ff6ab678e8,https://archive.softwareheritage.org/browse/revision/6046aded8da002b08d380db29de2ba0268b6616e/,POSITIVE,,,,,
https://github.com/rhysd/vim.wasm,https://github.com/vim/vim,CVE-2022-47024,https://archive.softwareheritage.org/browse/revision/310836b3824a401d18725f786bc7f3ff6ab678e8,https://archive.softwareheritage.org/browse/revision/a63ad78ed31e36dbdf3a9cd28071dcdbefce7d19/,POSITIVE,,,,,
https://github.com/rhysd/vim.wasm,https://github.com/vim/vim,CVE-2022-3591,https://archive.softwareheritage.org/browse/revision/310836b3824a401d18725f786bc7f3ff6ab678e8,https://archive.softwareheritage.org/browse/revision/8f3c3c6cd044e3b5bf08dbfa3b3f04bb3f711bad/,POSITIVE,,,,,
https://github.com/rhysd/vim.wasm,https://github.com/vim/vim,CVE-2022-0554,https://archive.softwareheritage.org/browse/revision/310836b3824a401d18725f786bc7f3ff6ab678e8,https://archive.softwareheritage.org/browse/revision/e3537aec2f8d6470010547af28dcbd83d41461b8/,POSITIVE,,,,,
https://github.com/Snapchat/KeyDB,https://github.com/redis/redis,CVE-2021-32627,https://archive.softwareheritage.org/browse/revision/603ebb27fb82a27fb98b0feb6749b0f7661a1c4b,https://archive.softwareheritage.org/browse/revision/f6a40570fa63d5afdd596c78083d754081d80ae3/,NEGATIVE,,,,,
https://github.com/rhysd/vim.wasm,https://github.com/vim/vim,CVE-2022-2817,https://archive.softwareheritage.org/browse/revision/310836b3824a401d18725f786bc7f3ff6ab678e8,https://archive.softwareheritage.org/browse/revision/249e1b903a9c0460d618f6dcc59aeb8c03b24b20/,NEGATIVE,,,,,
https://github.com/linux-kernel-labs/linux,https://git.kernel.org/pub/scm/linux/kernel/git/torvalds/linux.git,CVE-2021-3501,https://archive.softwareheritage.org/browse/revision/696df5ea825e7b2468c80920cf3ad729ae8db2cc,https://archive.softwareheritage.org/browse/revision/04c4f2ee3f68c9a4bf1653d15f1a9a435ae33f7a/,POSITIVE,EXCLUDED,,,,
https://github.com/sonyxperiadev/kernel,https://git.kernel.org/pub/scm/linux/kernel/git/torvalds/linux.git,CVE-2021-3501,https://archive.softwareheritage.org/browse/revision/9ac561909bae9136f07ed94ffcad068fc24603ad,https://archive.softwareheritage.org/browse/revision/04c4f2ee3f68c9a4bf1653d15f1a9a435ae33f7a/,POSITIVE,,Already answered?,,,
https://github.com/rhysd/vim.wasm,https://github.com/vim/vim,CVE-2022-0629,https://archive.softwareheritage.org/browse/revision/310836b3824a401d18725f786bc7f3ff6ab678e8,https://archive.softwareheritage.org/browse/revision/34f8117dec685ace52cd9e578e2729db278163fc/,POSITIVE,,,,,
https://github.com/rhysd/vim.wasm,https://github.com/vim/vim,CVE-2022-3016,https://archive.softwareheritage.org/browse/revision/310836b3824a401d18725f786bc7f3ff6ab678e8,https://archive.softwareheritage.org/browse/revision/6d24a51b94beb1991cddce221f90b455e2d50db7/,POSITIVE,,,,,
https://github.com/rhysd/vim.wasm,https://github.com/vim/vim,CVE-2022-1927,https://archive.softwareheritage.org/browse/revision/310836b3824a401d18725f786bc7f3ff6ab678e8,https://archive.softwareheritage.org/browse/revision/4d97a565ae8be0d4debba04ebd2ac3e75a0c8010/,POSITIVE,,,,,
https://github.com/MotorolaMobilityLLC/kernel-msm,https://github.com/torvalds/linux,CVE-2021-3656,https://archive.softwareheritage.org/browse/revision/fb25b3dba2bc6319c82baa58ca2942e6cd87c81f,https://archive.softwareheritage.org/browse/revision/c7dfa4009965a9b2d7b329ee970eb8da0d32f0bc/,NEGATIVE,,,,,
https://github.com/google/ghost-kernel,https://github.com/torvalds/linux,CVE-2021-3656,https://archive.softwareheritage.org/browse/revision/edd5f9490d82df24c16f90a62f7be05c6c389867,https://archive.softwareheritage.org/browse/revision/c7dfa4009965a9b2d7b329ee970eb8da0d32f0bc/,POSITIVE,,sent,,,
https://github.com/rhysd/vim.wasm,https://github.com/vim/vim,CVE-2022-2581,https://archive.softwareheritage.org/browse/revision/310836b3824a401d18725f786bc7f3ff6ab678e8,https://archive.softwareheritage.org/browse/revision/f50940531dd57135fe60aa393ac9d3281f352d88/,POSITIVE,,,,,
https://github.com/rhysd/vim.wasm,https://github.com/vim/vim,CVE-2023-4735,https://archive.softwareheritage.org/browse/revision/310836b3824a401d18725f786bc7f3ff6ab678e8,https://archive.softwareheritage.org/browse/revision/889f6af37164775192e33b233a90e86fd3df0f57/,POSITIVE,,,,,
https://github.com/rhysd/vim.wasm,https://github.com/vim/vim,CVE-2022-2946,https://archive.softwareheritage.org/browse/revision/310836b3824a401d18725f786bc7f3ff6ab678e8,https://archive.softwareheritage.org/browse/revision/adce965162dd89bf29ee0e5baf53652e7515762c/,POSITIVE,,,,,
https://github.com/gitpod-io/openvscode-server,https://github.com/microsoft/vscode,CVE-2020-16881,https://archive.softwareheritage.org/browse/revision/a9f87c0d7d691988d2a2f59ba8a159c8bb70d708,https://archive.softwareheritage.org/browse/revision/3dd905126b34dcd4de81fa624eb3a8cbe7485f13/,NEGATIVE,,,,,
https://github.com/rhysd/vim.wasm,https://github.com/vim/vim,CVE-2022-1720,https://archive.softwareheritage.org/browse/revision/310836b3824a401d18725f786bc7f3ff6ab678e8,https://archive.softwareheritage.org/browse/revision/395bd1f6d3edc9f7edb5d1f2d7deaf5a9e3ab93c/,NEGATIVE,,,,,
https://github.com/rhysd/vim.wasm,https://github.com/vim/vim,CVE-2022-3037,https://archive.softwareheritage.org/browse/revision/310836b3824a401d18725f786bc7f3ff6ab678e8,https://archive.softwareheritage.org/browse/revision/4f1b083be43f351bc107541e7b0c9655a5d2c0bb/,POSITIVE,,,,,
https://github.com/Snapchat/KeyDB,https://github.com/redis/redis,CVE-2021-41099,https://archive.softwareheritage.org/browse/revision/603ebb27fb82a27fb98b0feb6749b0f7661a1c4b,https://archive.softwareheritage.org/browse/revision/c6ad876774f3cc11e32681ea02a2eead00f2c521/,NEGATIVE,,,,,
https://github.com/rhysd/vim.wasm,https://github.com/vim/vim,CVE-2022-2522,https://archive.softwareheritage.org/browse/revision/310836b3824a401d18725f786bc7f3ff6ab678e8,https://archive.softwareheritage.org/browse/revision/5fa9f23a63651a8abdb074b4fc2ec9b1adc6b089/ https://archive.softwareheritage.org/browse/revision/b9e717367c395490149495cf375911b5d9de889e/,POSITIVE,,,,,
https://github.com/rhysd/vim.wasm,https://github.com/vim/vim,CVE-2022-1898,https://archive.softwareheritage.org/browse/revision/310836b3824a401d18725f786bc7f3ff6ab678e8,https://archive.softwareheritage.org/browse/revision/e2fa213cf571041dbd04ab0329303ffdc980678a/,POSITIVE,,,,,
https://github.com/rhysd/vim.wasm,https://github.com/vim/vim,CVE-2023-4733,https://archive.softwareheritage.org/browse/revision/310836b3824a401d18725f786bc7f3ff6ab678e8,https://archive.softwareheritage.org/browse/revision/e1dc9a627536304bc4f738c21e909ad9fcf3974c/,POSITIVE,,,,,
https://github.com/rhysd/vim.wasm,https://github.com/vim/vim,CVE-2022-0261,https://archive.softwareheritage.org/browse/revision/310836b3824a401d18725f786bc7f3ff6ab678e8,https://archive.softwareheritage.org/browse/revision/9f8c304c8a390ade133bac29963dc8e56ab14cbc/,POSITIVE,,,,,
https://github.com/rhysd/vim.wasm,https://github.com/vim/vim,CVE-2022-2344,https://archive.softwareheritage.org/browse/revision/310836b3824a401d18725f786bc7f3ff6ab678e8,https://archive.softwareheritage.org/browse/revision/baefde14550231f6468ac2ed2ed495bc381c0c92/,POSITIVE,,,,,
https://github.com/rhysd/vim.wasm,https://github.com/vim/vim,CVE-2022-2289,https://archive.softwareheritage.org/browse/revision/310836b3824a401d18725f786bc7f3ff6ab678e8,https://archive.softwareheritage.org/browse/revision/c5274dd12224421f2430b30c53b881b9403d649e/,POSITIVE,,,,,
https://github.com/rhysd/vim.wasm,https://github.com/vim/vim,CVE-2022-2126,https://archive.softwareheritage.org/browse/revision/310836b3824a401d18725f786bc7f3ff6ab678e8,https://archive.softwareheritage.org/browse/revision/156d3911952d73b03d7420dc3540215247db0fe8/,POSITIVE,,,,,
https://github.com/rhysd/vim.wasm,https://github.com/vim/vim,CVE-2022-3256,https://archive.softwareheritage.org/browse/revision/310836b3824a401d18725f786bc7f3ff6ab678e8,https://archive.softwareheritage.org/browse/revision/8ecfa2c56b4992c7f067b92488aa9acea5a454ad/,POSITIVE,,,,,
https://github.com/rhysd/vim.wasm,https://github.com/vim/vim,CVE-2021-3778,https://archive.softwareheritage.org/browse/revision/310836b3824a401d18725f786bc7f3ff6ab678e8,https://archive.softwareheritage.org/browse/revision/65b605665997fad54ef39a93199e305af2fe4d7f/,POSITIVE,,,,,
https://github.com/XQuartz/xorg-server,https://gitlab.freedesktop.org/xorg/xserver,CVE-2023-0494,https://archive.softwareheritage.org/browse/revision/eb7c1e7fb16338d8fc03a0bb0f9bb53eb99ee139,https://archive.softwareheritage.org/browse/revision/0ba6d8c37071131a49790243cdac55392ecf71ec/ https://archive.softwareheritage.org/browse/revision/9ca7d3f61a88ae6cf47fdf139b6215d745db976b/ https://archive.softwareheritage.org/browse/revision/8660dd164882ce5fc1f274427e2ff3dc020d6273/,POSITIVE,,Sent https://github.com/XQuartz/XQuartz/issues/434,,,
https://github.com/rhysd/vim.wasm,https://github.com/vim/vim,CVE-2021-4192,https://archive.softwareheritage.org/browse/revision/310836b3824a401d18725f786bc7f3ff6ab678e8,https://archive.softwareheritage.org/browse/revision/4c13e5e6763c6eb36a343a2b8235ea227202e952/,POSITIVE,,,,,
https://github.com/rhysd/vim.wasm,https://github.com/vim/vim,CVE-2022-2264,https://archive.softwareheritage.org/browse/revision/310836b3824a401d18725f786bc7f3ff6ab678e8,https://archive.softwareheritage.org/browse/revision/d25f003342aca9889067f2e839963dfeccf1fe05/,POSITIVE,,,,,
https://github.com/rhysd/vim.wasm,https://github.com/vim/vim,CVE-2021-3903,https://archive.softwareheritage.org/browse/revision/310836b3824a401d18725f786bc7f3ff6ab678e8,https://archive.softwareheritage.org/browse/revision/777e7c21b7627be80961848ac560cb0a9978ff43/,POSITIVE,,,,,
https://github.com/rhysd/vim.wasm,https://github.com/vim/vim,CVE-2022-3520,https://archive.softwareheritage.org/browse/revision/310836b3824a401d18725f786bc7f3ff6ab678e8,https://archive.softwareheritage.org/browse/revision/36343ae0fb7247e060abfd35fb8e4337b33abb4b/,POSITIVE,,,,,
https://github.com/rhysd/vim.wasm,https://github.com/vim/vim,CVE-2022-3297,https://archive.softwareheritage.org/browse/revision/310836b3824a401d18725f786bc7f3ff6ab678e8,https://archive.softwareheritage.org/browse/revision/0ff01835a40f549c5c4a550502f62a2ac9ac447c/,POSITIVE,,,,,
https://github.com/espressif/qemu,https://gitlab.com/qemu-project/qemu,CVE-2023-0664,https://archive.softwareheritage.org/browse/revision/85ff1897fe79df7c86d50eacdf4464ffeff0cdbc,https://archive.softwareheritage.org/browse/revision/5bfbcc3faa43e59e09e9f96ac7eebd98e05ea8e3/ https://archive.softwareheritage.org/browse/revision/07ce178a2b0768eb9e712bb5ad0cf6dc7fcf0158/ https://archive.softwareheritage.org/browse/revision/b629412e9d2129897126244cdfcc0b0c06df8542/ https://archive.softwareheritage.org/browse/revision/88288c2a51faa7c795f053fc8b31b1c16ff804c5/,NEGATIVE,,,,,
https://github.com/panda-re/panda,https://gitlab.com/qemu-project/qemu,CVE-2023-0664,https://archive.softwareheritage.org/browse/revision/831b930d80c526582aed342003efadfbf9890aaf,https://archive.softwareheritage.org/browse/revision/5bfbcc3faa43e59e09e9f96ac7eebd98e05ea8e3/ https://archive.softwareheritage.org/browse/revision/07ce178a2b0768eb9e712bb5ad0cf6dc7fcf0158/ https://archive.softwareheritage.org/browse/revision/b629412e9d2129897126244cdfcc0b0c06df8542/ https://archive.softwareheritage.org/browse/revision/88288c2a51faa7c795f053fc8b31b1c16ff804c5/,POSITIVE,,sent,,,
https://github.com/rhysd/vim.wasm,https://github.com/vim/vim,CVE-2021-4166,https://archive.softwareheritage.org/browse/revision/310836b3824a401d18725f786bc7f3ff6ab678e8,https://archive.softwareheritage.org/browse/revision/6f98371532fcff911b462d51bc64f2ce8a6ae682/,POSITIVE,,,,,
https://github.com/rhysd/vim.wasm,https://github.com/vim/vim,CVE-2022-0407,https://archive.softwareheritage.org/browse/revision/310836b3824a401d18725f786bc7f3ff6ab678e8,https://archive.softwareheritage.org/browse/revision/44db8213d38c39877d2148eff6a72f4beccfb94e/,NEGATIVE,,,,,
